[{"model": "account.educationalfield", "pk": 1, "fields": {"name": "مهندسی مکانیک", "order": 5}}, {"model": "account.educationalfield", "pk": 2, "fields": {"name": "مهندسی کامپیوتر", "order": 0}}, {"model": "account.educationalfield", "pk": 3, "fields": {"name": "مهندسی شیمی", "order": 0}}, {"model": "account.educationalfield", "pk": 4, "fields": {"name": "فیزیک", "order": 0}}, {"model": "account.educationallevel", "pk": 1, "fields": {"name": "کاردانی", "order": 5}}, {"model": "account.educationallevel", "pk": 2, "fields": {"name": "کارشناسی", "order": 10}}, {"model": "account.educationallevel", "pk": 3, "fields": {"name": "کارشناسی ارشد", "order": 15}}, {"model": "account.educationallevel", "pk": 4, "fields": {"name": "دکتری", "order": 20}}, {"model": "account.educationallevel", "pk": 5, "fields": {"name": "دیپلم", "order": 0}}, {"model": "account.department", "pk": 1, "fields": {"name": "دانشکده شیمی", "description": ""}}, {"model": "account.department", "pk": 2, "fields": {"name": "دانشکده علوم ریاضی", "description": ""}}, {"model": "account.department", "pk": 3, "fields": {"name": "دانشکده فیزیک", "description": ""}}, {"model": "account.department", "pk": 4, "fields": {"name": "دانشکده مدیریت و اقتصاد", "description": ""}}, {"model": "account.department", "pk": 5, "fields": {"name": "دانشکده مهندسی انرژی", "description": ""}}, {"model": "account.department", "pk": 6, "fields": {"name": "دانشکده مهندسی برق", "description": ""}}, {"model": "account.department", "pk": 7, "fields": {"name": "دانشکده مهندسی شیمی و نفت", "description": ""}}, {"model": "account.department", "pk": 8, "fields": {"name": "دانشکده مهندسی صنایع", "description": ""}}, {"model": "account.department", "pk": 9, "fields": {"name": "دانشکده مهندسی عمران", "description": ""}}, {"model": "account.department", "pk": 10, "fields": {"name": "دانشکده مهندسی کامپیوتر", "description": ""}}, {"model": "account.department", "pk": 11, "fields": {"name": "دانشکده مهندسی مکانیک", "description": ""}}, {"model": "account.department", "pk": 12, "fields": {"name": "دانشکده مهندسی و علم مواد", "description": ""}}, {"model": "account.department", "pk": 13, "fields": {"name": "دانشکده مهندسی هوافضا", "description": ""}}, {"model": "account.user", "pk": 2, "fields": {"password": "pbkdf2_sha256$600000$SgMWmngdmluzTFJUshrGIa$pCYfltstnmT6wW+r4IJMFYfORgWSbBXO6AGAo2nAS+Y=", "last_login": "2024-09-29T09:36:01.836Z", "is_superuser": false, "first_name": "شهبازی", "last_name": "دانشجو", "email": "saeidshahbazi@zohomail.com", "is_staff": false, "is_active": true, "date_joined": "2024-03-08T05:12:40Z", "user_type": "staff", "account_type": "personal", "national_id": "5560422991", "balance": 0, "educational_field": 2, "educational_level": 1, "department": null, "student_id": null, "address": "Brown Bear Drive 075 23934", "telephone": null, "postal_code": "220414", "company_national_id": null, "company_name": null, "company_economic_number": null, "company_telephone": null, "OTP": null, "is_sharif_student": false, "is_partner": false, "username": "+989381029911", "groups": [], "user_permissions": [], "role": [13], "access_level": [], "linked_users": []}}, {"model": "account.user", "pk": 5, "fields": {"password": "pbkdf2_sha256$600000$t8tA9UvRMQhaiSSlsNqRB5$Al/eMtn5sbdm6O8RglcRhbOWFpLuM01zWc2Pi4clkck=", "last_login": "2024-09-25T10:03:48.837Z", "is_superuser": true, "first_name": "شهبازی", "last_name": "مدیرفنی", "email": "user@example.com", "is_staff": true, "is_active": true, "date_joined": "2024-03-12T08:35:31Z", "user_type": "staff", "account_type": "personal", "national_id": "4380318397", "balance": 0, "educational_field": null, "educational_level": null, "department": null, "student_id": null, "address": null, "telephone": null, "postal_code": "1122334455", "company_national_id": null, "company_name": null, "company_economic_number": null, "company_telephone": null, "OTP": "376009", "is_sharif_student": false, "is_partner": false, "username": "+989381029915", "groups": [], "user_permissions": [], "role": [6], "access_level": [], "linked_users": []}}, {"model": "account.user", "pk": 12, "fields": {"password": "pbkdf2_sha256$600000$rr4Vy08ZRwW6aiadd2bkRd$zwGq62bYd3esJ2o/ygNhiRh1/gBAVGej8WiOuxSi7Ws=", "last_login": "2024-05-28T13:48:36.025Z", "is_superuser": false, "first_name": "رضا", "last_name": "افتخاری", "email": "eftekhary@sharif.edu", "is_staff": false, "is_active": true, "date_joined": "2024-03-17T11:52:48Z", "user_type": "staff", "account_type": "personal", "national_id": "0073571679", "balance": 0, "educational_field": null, "educational_level": null, "department": null, "student_id": null, "address": null, "telephone": null, "postal_code": null, "company_national_id": null, "company_name": null, "company_economic_number": null, "company_telephone": null, "OTP": "349765", "is_sharif_student": false, "is_partner": false, "username": "+989126381180", "groups": [], "user_permissions": [], "role": [12], "access_level": [], "linked_users": []}}, {"model": "account.user", "pk": 16, "fields": {"password": "pbkdf2_sha256$600000$1ihfnmVU0XAhpvgPf7Mgjo$jld8cQWKCSAxCelPg/PPAzho/Ut/ktuSnyv0iUN+eAE=", "last_login": "2024-05-20T11:21:28Z", "is_superuser": false, "first_name": "کیاالدین", "last_name": "علااالدینی شورمستی", "email": "user@example.com", "is_staff": false, "is_active": true, "date_joined": "2024-04-08T07:37:57Z", "user_type": "customer", "account_type": "personal", "national_id": "0559830792", "balance": 150000, "educational_field": 2, "educational_level": 2, "department": null, "student_id": null, "address": null, "telephone": null, "postal_code": "11223344", "company_national_id": null, "company_name": null, "company_economic_number": null, "company_telephone": null, "OTP": "145421", "is_sharif_student": false, "is_partner": false, "username": "+989198339655", "groups": [], "user_permissions": [], "role": [], "access_level": [], "linked_users": []}}, {"model": "account.user", "pk": 17, "fields": {"password": "pbkdf2_sha256$600000$Y4QF5EsJRmgXAXD3gndGh4$M0ca5apG28Kv/zpD+x1zJqKxG+IgMM3S+u94JWwX/Oo=", "last_login": "2024-09-01T06:29:32.053Z", "is_superuser": true, "first_name": "سعید", "last_name": "شهبازی", "email": "shahbazi@gmail.com", "is_staff": true, "is_active": true, "date_joined": "2024-04-08T08:27:40Z", "user_type": "customer", "account_type": "personal", "national_id": "0012345678", "balance": 0, "educational_field": 2, "educational_level": 2, "department": null, "student_id": null, "address": "تهران دانشگاه شریف", "telephone": null, "postal_code": "12345789", "company_national_id": null, "company_name": null, "company_economic_number": null, "company_telephone": null, "OTP": null, "is_sharif_student": false, "is_partner": false, "username": "+989381029900", "groups": [], "user_permissions": [], "role": [11, 12], "access_level": [], "linked_users": []}}, {"model": "account.user", "pk": 26, "fields": {"password": "pbkdf2_sha256$600000$SBzShfptMDgibkHXtVsUnf$xi6g7W1o3ibCvGCNgBJycQEV2gFR1UigpfE1cbZPnYg=", "last_login": "2024-11-11T07:33:27.733Z", "is_superuser": false, "first_name": "فیضی", "last_name": "پذیرش", "email": "feyzi@sharif.edu", "is_staff": false, "is_active": true, "date_joined": "2024-04-28T15:29:15Z", "user_type": "staff", "account_type": "personal", "national_id": "1210131481", "balance": 0, "educational_field": null, "educational_level": null, "department": null, "student_id": null, "address": null, "telephone": "02133344555", "postal_code": "1671913311", "company_national_id": null, "company_name": null, "company_economic_number": null, "company_telephone": null, "OTP": "223735", "is_sharif_student": false, "is_partner": false, "username": "+989371836512", "groups": [], "user_permissions": [], "role": [7], "access_level": [], "linked_users": []}}, {"model": "account.user", "pk": 28, "fields": {"password": "pbkdf2_sha256$600000$Nk9Wzr71X22afuAAd7NTRz$R/YtDoXC6yHG7MbSrwsXBiBHME5s71ghL98nL2GF3Dc=", "last_login": "2024-11-12T12:10:54.306Z", "is_superuser": true, "first_name": "شهبازی", "last_name": "ادمین", "email": "saeidshahbazi@sharif.edu", "is_staff": true, "is_active": true, "date_joined": "2024-05-17T08:45:01Z", "user_type": "staff", "account_type": "personal", "national_id": "4380318370", "balance": 0, "educational_field": 3, "educational_level": 1, "department": null, "student_id": "123545564888", "address": "تهران شریف", "telephone": null, "postal_code": "1671913311", "company_national_id": null, "company_name": null, "company_economic_number": null, "company_telephone": "0405777878", "OTP": "805484", "is_sharif_student": true, "is_partner": false, "username": "+989381029916", "groups": [], "user_permissions": [], "role": [4], "access_level": [136], "linked_users": []}}, {"model": "account.user", "pk": 49, "fields": {"password": "pbkdf2_sha256$600000$eQ6y2T9Ha5aoHtpiQIHPOc$8XR9AVaj0XSmzIlvP++tFHTH2F0xBtYVuqUpjsEbSOU=", "last_login": "2024-06-08T11:22:19.033Z", "is_superuser": false, "first_name": "حسین", "last_name": "خوش چهره", "email": "h.khoshchehreh@gmail.com", "is_staff": false, "is_active": true, "date_joined": "2024-06-08T08:42:46.101Z", "user_type": "customer", "account_type": "personal", "national_id": "0073456594", "balance": 0, "educational_field": null, "educational_level": null, "department": null, "student_id": null, "address": null, "telephone": null, "postal_code": "", "company_national_id": null, "company_name": null, "company_economic_number": null, "company_telephone": null, "OTP": null, "is_sharif_student": false, "is_partner": false, "username": "+989125044106", "groups": [], "user_permissions": [], "role": [4, 9], "access_level": [], "linked_users": []}}, {"model": "account.user", "pk": 50, "fields": {"password": "pbkdf2_sha256$600000$9ZsY2b2fxu8eFV3pYNKbWh$y9riLRZBhUGFuSb9Rk0fZQG+gkEkUlNlRtK2ecoNXvo=", "last_login": "2024-06-08T09:37:07.988Z", "is_superuser": false, "first_name": "نیما", "last_name": "سلمانی", "email": "nimasalmani2001@gmail.com", "is_staff": false, "is_active": true, "date_joined": "2024-06-08T09:37:07.333Z", "user_type": "customer", "account_type": "personal", "national_id": "0024829609", "balance": 0, "educational_field": null, "educational_level": null, "department": null, "student_id": null, "address": null, "telephone": null, "postal_code": "", "company_national_id": null, "company_name": null, "company_economic_number": null, "company_telephone": null, "OTP": null, "is_sharif_student": false, "is_partner": false, "username": "+989934411854", "groups": [], "user_permissions": [], "role": [], "access_level": [], "linked_users": []}}, {"model": "account.user", "pk": 51, "fields": {"password": "pbkdf2_sha256$600000$zbmSyAUpSTnDrbqXMDmqRF$qyqCBBGWxD9//c87WaBKFHqSda4aGVBDRXM5F0zr7Gw=", "last_login": "2024-09-09T09:45:08.819Z", "is_superuser": true, "first_name": "زین العابدینی", "last_name": "مدیریت", "email": "ma843@sharif.edu", "is_staff": true, "is_active": true, "date_joined": "2024-06-10T03:57:32Z", "user_type": "staff", "account_type": "personal", "national_id": "0559830793", "balance": 0, "educational_field": 2, "educational_level": 2, "department": null, "student_id": "1883893636", "address": "تهران، خیابان آزادی، دانشگاه صنعتی شریف، پشت دانشکده هوا و فضا، مجتمع خدمات فناوری، مرکز خدمات آزمایشگاهی", "telephone": null, "postal_code": "1883893636", "company_national_id": null, "company_name": null, "company_economic_number": null, "company_telephone": null, "OTP": "557006", "is_sharif_student": false, "is_partner": false, "username": "+989198339658", "groups": [], "user_permissions": [], "role": [5], "access_level": [], "linked_users": []}}, {"model": "account.user", "pk": 52, "fields": {"password": "pbkdf2_sha256$600000$r6fPFoBcpucTzp6u1RWOMR$aP35/YK4IWcHw3MZn3CdM5affPH3DHNMHE0XbfgNe84=", "last_login": "2024-08-18T08:30:49.023Z", "is_superuser": false, "first_name": "زهرا", "last_name": "علمی", "email": "zahra0017.elmi@gmail.com", "is_staff": false, "is_active": true, "date_joined": "2024-06-10T11:21:38Z", "user_type": "staff", "account_type": "personal", "national_id": "0017029384", "balance": 0, "educational_field": null, "educational_level": 2, "department": null, "student_id": null, "address": null, "telephone": null, "postal_code": null, "company_national_id": null, "company_name": null, "company_economic_number": null, "company_telephone": null, "OTP": "425244", "is_sharif_student": false, "is_partner": false, "username": "+989360412467", "groups": [], "user_permissions": [], "role": [12], "access_level": [], "linked_users": []}}, {"model": "account.user", "pk": 53, "fields": {"password": "$Tu95310", "last_login": "2024-06-10T18:16:45.892Z", "is_superuser": false, "first_name": "حسن", "last_name": "مرادنژاد", "email": "hsn.moradnezhad@gmail.com", "is_staff": false, "is_active": true, "date_joined": "2024-06-10T18:16:45.214Z", "user_type": "customer", "account_type": "personal", "national_id": "0559830726", "balance": 0, "educational_field": null, "educational_level": null, "department": null, "student_id": null, "address": null, "telephone": null, "postal_code": "", "company_national_id": null, "company_name": null, "company_economic_number": null, "company_telephone": null, "OTP": null, "is_sharif_student": false, "is_partner": false, "username": "+989197072187", "groups": [], "user_permissions": [], "role": [4], "access_level": [], "linked_users": []}}, {"model": "account.user", "pk": 54, "fields": {"password": "pbkdf2_sha256$600000$nIYHclhjLAQKGV1uvzZzM1$nJkokLOG7Wqy1PJsFHo5TM8e6BGcOOFFpLvGEfV0pg8=", "last_login": "2024-09-02T18:51:14.958Z", "is_superuser": false, "first_name": "استاد", "last_name": "تستی", "email": "feyz@gmail.com", "is_staff": false, "is_active": true, "date_joined": "2024-06-12T11:48:23.772Z", "user_type": "customer", "account_type": "personal", "national_id": "1210073536", "balance": 0, "educational_field": null, "educational_level": null, "department": null, "student_id": null, "address": null, "telephone": null, "postal_code": "", "company_national_id": null, "company_name": null, "company_economic_number": null, "company_telephone": null, "OTP": null, "is_sharif_student": false, "is_partner": false, "username": "+989371836511", "groups": [], "user_permissions": [], "role": [10], "access_level": [], "linked_users": []}}, {"model": "account.user", "pk": 55, "fields": {"password": "pbkdf2_sha256$600000$uPNx4YCwK41OgsCu73heMt$hV5aHzga2aglragErO5wHkE9uHo8HXAzgI8IAN4hDPg=", "last_login": "2024-06-13T13:00:31.451Z", "is_superuser": false, "first_name": "بردیا", "last_name": "باستانی", "email": "bardiabasi@gmail.com", "is_staff": false, "is_active": true, "date_joined": "2024-06-13T12:17:22Z", "user_type": "customer", "account_type": "personal", "national_id": "0250375931", "balance": 0, "educational_field": 4, "educational_level": 2, "department": null, "student_id": "55555555555555555555555555555555555", "address": null, "telephone": null, "postal_code": null, "company_national_id": null, "company_name": null, "company_economic_number": null, "company_telephone": null, "OTP": "347549", "is_sharif_student": false, "is_partner": false, "username": "+989901819084", "groups": [], "user_permissions": [], "role": [11], "access_level": [], "linked_users": []}}, {"model": "account.user", "pk": 56, "fields": {"password": "pbkdf2_sha256$600000$PYE4j8a467YXeD3OiuWxcL$Ky9sJbLQ6uUoUqazqhvuinNNuHVr54hujjb2nKLhBXI=", "last_login": "2024-06-13T12:29:18.978Z", "is_superuser": false, "first_name": "حسن", "last_name": "هاشمی", "email": "hoomanhashemi573@gmail.com", "is_staff": false, "is_active": true, "date_joined": "2024-06-13T12:20:48Z", "user_type": "customer", "account_type": "personal", "national_id": "0200477536", "balance": 0, "educational_field": null, "educational_level": null, "department": null, "student_id": null, "address": null, "telephone": null, "postal_code": null, "company_national_id": null, "company_name": null, "company_economic_number": null, "company_telephone": null, "OTP": "995536", "is_sharif_student": false, "is_partner": false, "username": "+989109870951", "groups": [], "user_permissions": [], "role": [11], "access_level": [], "linked_users": []}}, {"model": "account.user", "pk": 57, "fields": {"password": "pbkdf2_sha256$600000$94DIaFpmE3KybRARmcNDFO$K/+FvhdiYGbhsPzzYWHzNcbBl+uA9H8FZhINA/LqEJE=", "last_login": "2024-06-13T12:43:13Z", "is_superuser": false, "first_name": "فرزاد", "last_name": "رحمانی", "email": "farzad@gmail.com", "is_staff": false, "is_active": true, "date_joined": "2024-06-13T12:23:36Z", "user_type": "staff", "account_type": "personal", "national_id": "4711530088", "balance": 0, "educational_field": 2, "educational_level": 2, "department": null, "student_id": "402112113", "address": null, "telephone": null, "postal_code": "1451854646", "company_national_id": null, "company_name": null, "company_economic_number": null, "company_telephone": null, "OTP": "721561", "is_sharif_student": false, "is_partner": false, "username": "+989909811083", "groups": [], "user_permissions": [], "role": [12], "access_level": [], "linked_users": []}}, {"model": "account.user", "pk": 61, "fields": {"password": "pbkdf2_sha256$600000$AUWWOesLH2ttlSaobdrEut$tMF6J2qoBXfnAO303ACUCXmPWBfFUkaYrE4jS/0AKmg=", "last_login": "2024-06-30T11:14:33.564Z", "is_superuser": false, "first_name": "دکتر", "last_name": "عطارزاده", "email": "ut@mail.com", "is_staff": false, "is_active": true, "date_joined": "2024-06-22T16:57:55Z", "user_type": "staff", "account_type": "personal", "national_id": "0035867809", "balance": 0, "educational_field": null, "educational_level": null, "department": null, "student_id": null, "address": null, "telephone": null, "postal_code": null, "company_national_id": null, "company_name": null, "company_economic_number": null, "company_telephone": null, "OTP": null, "is_sharif_student": false, "is_partner": false, "username": "+989126090900", "groups": [], "user_permissions": [], "role": [12], "access_level": [], "linked_users": []}}, {"model": "account.user", "pk": 62, "fields": {"password": "pbkdf2_sha256$600000$wwOJaSFEiWZdHy1suCsIIU$Iw/9rYL1KVf+BriHwUNMirQRJx7jWUw2fOl+YxhSZ78=", "last_login": "2024-10-15T09:12:15.935Z", "is_superuser": false, "first_name": "کوثر", "last_name": "فیضی", "email": "tet@gmail.com", "is_staff": false, "is_active": true, "date_joined": "2024-06-23T13:44:31.577Z", "user_type": "customer", "account_type": "personal", "national_id": "6573625455", "balance": 0, "educational_field": null, "educational_level": null, "department": null, "student_id": null, "address": null, "telephone": null, "postal_code": "1671913311", "company_national_id": null, "company_name": null, "company_economic_number": null, "company_telephone": null, "OTP": "323137", "is_sharif_student": false, "is_partner": false, "username": "+989162409277", "groups": [], "user_permissions": [], "role": [10], "access_level": [], "linked_users": []}}, {"model": "account.user", "pk": 63, "fields": {"password": "pbkdf2_sha256$600000$mV0f4jxUOz0sQiXTG60cM9$rCkhByJ8r1HUcxZ216cW0iorJc5gxQ3bP/XUu2lwXBA=", "last_login": "2024-09-16T12:50:52.118Z", "is_superuser": false, "first_name": "کوثر", "last_name": "فیضی", "email": "tet@gmail.com", "is_staff": false, "is_active": true, "date_joined": "2024-06-23T13:44:32.147Z", "user_type": "customer", "account_type": "business", "national_id": "4864769079", "balance": 0, "educational_field": null, "educational_level": null, "department": null, "student_id": null, "address": "تهران", "telephone": null, "postal_code": "1671913311", "company_national_id": "12121", "company_name": "تست", "company_economic_number": null, "company_telephone": "02122234567", "OTP": null, "is_sharif_student": false, "is_partner": false, "username": "+989162409276", "groups": [], "user_permissions": [], "role": [12], "access_level": [], "linked_users": [62]}}, {"model": "account.user", "pk": 64, "fields": {"password": "pbkdf2_sha256$600000$vO0oKoAdL2DuhgP7cyZ0DY$CfYbWkLIHjvoyeEPaJitiWkUhYuMrtFYjbpaWp2kzIQ=", "last_login": "2024-08-29T13:17:30.231Z", "is_superuser": false, "first_name": "حسن", "last_name": "مرادنژاد", "email": "tpv4642dh@mozmail.com", "is_staff": false, "is_active": true, "date_joined": "2024-06-25T11:55:27.519Z", "user_type": "customer", "account_type": "personal", "national_id": "2222222222", "balance": 0, "educational_field": null, "educational_level": null, "department": null, "student_id": null, "address": null, "telephone": null, "postal_code": "3313967579", "company_national_id": null, "company_name": null, "company_economic_number": null, "company_telephone": null, "OTP": null, "is_sharif_student": false, "is_partner": false, "username": "+989034882088", "groups": [], "user_permissions": [], "role": [12], "access_level": [], "linked_users": []}}, {"model": "account.user", "pk": 68, "fields": {"password": "pbkdf2_sha256$600000$w3NnWTdpgmjfc9MBobBc7b$RdK6GgQkj+HQPmbXqIcPvea6oCcn1rmzbLttioov/+c=", "last_login": "2024-08-19T03:00:27.694Z", "is_superuser": false, "first_name": "اسداله", "last_name": "کلانتریان", "email": "kalantarian@sharif.edu", "is_staff": true, "is_active": true, "date_joined": "2024-08-05T06:24:34Z", "user_type": "staff", "account_type": "personal", "national_id": "4723686509", "balance": 0, "educational_field": 4, "educational_level": 4, "department": null, "student_id": "", "address": null, "telephone": null, "postal_code": "1347785183", "company_national_id": null, "company_name": null, "company_economic_number": null, "company_telephone": null, "OTP": "612071", "is_sharif_student": false, "is_partner": false, "username": "+989033973460", "groups": [], "user_permissions": [], "role": [4, 10, 12], "access_level": [], "linked_users": []}}, {"model": "account.user", "pk": 69, "fields": {"password": "pbkdf2_sha256$600000$p7frQTVKEnxFZyJZq6KUI1$URMNCZvYINloe3OCR29SFLL5o7GfbAjvKGP23YzLIT8=", "last_login": null, "is_superuser": false, "first_name": "اسد", "last_name": "کلانتری", "email": "", "is_staff": false, "is_active": true, "date_joined": "2024-08-06T07:42:17.345Z", "user_type": "staff", "account_type": "personal", "national_id": "0061547859", "balance": 0, "educational_field": null, "educational_level": null, "department": null, "student_id": null, "address": null, "telephone": null, "postal_code": null, "company_national_id": null, "company_name": null, "company_economic_number": null, "company_telephone": null, "OTP": null, "is_sharif_student": false, "is_partner": false, "username": "+989036547895", "groups": [], "user_permissions": [], "role": [12], "access_level": [], "linked_users": []}}, {"model": "account.user", "pk": 70, "fields": {"password": "pbkdf2_sha256$600000$ZwONY9ySSrzB41l3krJzec$ZXoWyOFvYnC6ChP4PPkw3Po8CTG0Ju6Smods1zS2XuQ=", "last_login": "2024-09-25T10:04:06.236Z", "is_superuser": false, "first_name": "محسن", "last_name": "شیرازی", "email": "ma843@sd.oco", "is_staff": false, "is_active": true, "date_joined": "2024-08-25T09:56:40Z", "user_type": "staff", "account_type": "personal", "national_id": "3333333333", "balance": 0, "educational_field": 2, "educational_level": 3, "department": null, "student_id": "123453", "address": "تهران، خیابان آزادی، دانشگاه صنعتی شریف، پشت دانشکده هوا و فضا، مجتمع خدمات فناوری، مرکز خدمات آزمایشگاهی", "telephone": null, "postal_code": "1883893636", "company_national_id": null, "company_name": null, "company_economic_number": null, "company_telephone": null, "OTP": null, "is_sharif_student": false, "is_partner": false, "username": "+989198339656", "groups": [], "user_permissions": [], "role": [7], "access_level": [], "linked_users": []}}, {"model": "account.user", "pk": 71, "fields": {"password": "pbkdf2_sha256$600000$Zig4UKC21JMDu8XNe4Y470$vRfIkJfB6iwvGmcdEb9ze57RjQnqyAnfhTQ5/OfKpPk=", "last_login": "2024-11-11T05:51:57.078Z", "is_superuser": true, "first_name": "علی", "last_name": "گنجی ادمین", "email": "ganji.sbu@gmail.com", "is_staff": true, "is_active": true, "date_joined": "2024-08-26T09:13:58Z", "user_type": "staff", "account_type": "personal", "national_id": "0014497239", "balance": 0, "educational_field": 2, "educational_level": 1, "department": null, "student_id": "12345678978645", "address": "تهران، خیابان آزادی، دانشگاه صنعتی شریف، پشت دانشکده هوا و فضا، مجتمع خدمات فناوری، مرکز خدمات آزمایشگاهی", "telephone": null, "postal_code": "6188389363", "company_national_id": null, "company_name": null, "company_economic_number": null, "company_telephone": null, "OTP": "015504", "is_sharif_student": false, "is_partner": false, "username": "+989109803460", "groups": [], "user_permissions": [], "role": [4, 5, 9], "access_level": [], "linked_users": []}}, {"model": "account.user", "pk": 72, "fields": {"password": "pbkdf2_sha256$600000$Am45K6vmDC2yFVXvt2VMoZ$LWRD54fYnlg/jRFEm20QHPvmbBSWnWImC9TWUNbjRUA=", "last_login": "2024-09-01T11:52:19.400Z", "is_superuser": false, "first_name": "احمد", "last_name": "محمدی اپراتور", "email": "feyzi.kosar@gmail.com", "is_staff": false, "is_active": true, "date_joined": "2024-08-31T14:41:43.326Z", "user_type": "staff", "account_type": "personal", "national_id": "0014407132", "balance": 0, "educational_field": null, "educational_level": null, "department": null, "student_id": null, "address": null, "telephone": "02155552555", "postal_code": "1671913311", "company_national_id": null, "company_name": null, "company_economic_number": null, "company_telephone": null, "OTP": null, "is_sharif_student": false, "is_partner": false, "username": "+989109801111", "groups": [], "user_permissions": [], "role": [7], "access_level": [], "linked_users": []}}, {"model": "account.user", "pk": 73, "fields": {"password": "pbkdf2_sha256$600000$9yBD6zv1oqMPZXNgqh7xqO$upPYkR5ElhJh6aB/+4UMIMAEr4Qw2bqb0+0VZJCcgG0=", "last_login": "2024-11-11T09:18:44.015Z", "is_superuser": false, "first_name": "فیضی", "last_name": "دانشجو مشتری", "email": "feyzi.kosar@sharif.edu", "is_staff": false, "is_active": true, "date_joined": "2024-09-01T06:50:57.889Z", "user_type": "customer", "account_type": "personal", "national_id": "1218836237", "balance": 0, "educational_field": 4, "educational_level": 2, "department": null, "student_id": null, "address": null, "telephone": "02155588979", "postal_code": "1671913311", "company_national_id": null, "company_name": null, "company_economic_number": null, "company_telephone": null, "OTP": null, "is_sharif_student": false, "is_partner": true, "username": "+989371836513", "groups": [], "user_permissions": [], "role": [11], "access_level": [], "linked_users": []}}, {"model": "account.user", "pk": 74, "fields": {"password": "pbkdf2_sha256$600000$oTERRXZInvoA5nNrInpQjn$6lGyzJ69Ylk0oA6Kx4L0kxs8RLb6FDpuTX8i1aFLjIw=", "last_login": "2024-09-02T11:14:46.436Z", "is_superuser": false, "first_name": "ادمین", "last_name": "ادمین", "email": "feyzi.kosar@sharif.com", "is_staff": false, "is_active": true, "date_joined": "2024-09-01T06:58:16Z", "user_type": "staff", "account_type": "personal", "national_id": "0014497034", "balance": 0, "educational_field": 1, "educational_level": 5, "department": null, "student_id": "12345", "address": "تهران", "telephone": null, "postal_code": "1671913311", "company_national_id": null, "company_name": null, "company_economic_number": null, "company_telephone": null, "OTP": null, "is_sharif_student": false, "is_partner": false, "username": "+989371836514", "groups": [], "user_permissions": [], "role": [4, 10], "access_level": [], "linked_users": []}}, {"model": "account.user", "pk": 75, "fields": {"password": "pbkdf2_sha256$600000$4WD3anVzRXV9g285YuebA3$2XDu3pe8iM+y4pakBcfE+98Vfj0CDWIxFr+pxcNSs0g=", "last_login": "2024-10-07T12:32:40.876Z", "is_superuser": false, "first_name": "فیضی", "last_name": "استاد", "email": "feyzi.prof@gmail.com", "is_staff": false, "is_active": true, "date_joined": "2024-09-01T09:48:04.155Z", "user_type": "staff", "account_type": "personal", "national_id": "0019137753", "balance": 0, "educational_field": null, "educational_level": 2, "department": null, "student_id": null, "address": null, "telephone": "02133344555", "postal_code": null, "company_national_id": null, "company_name": null, "company_economic_number": null, "company_telephone": null, "OTP": null, "is_sharif_student": false, "is_partner": false, "username": "+989371836518", "groups": [], "user_permissions": [], "role": [10], "access_level": [], "linked_users": []}}, {"model": "account.user", "pk": 76, "fields": {"password": "pbkdf2_sha256$600000$uqCBv8qgoJG5vBH5owjvzM$pMBlxfDBSnRTCuwPB4hkk6lVsm9IGvVvHQFzwF0SoZU=", "last_login": "2024-09-08T13:00:14.412Z", "is_superuser": false, "first_name": "محمد", "last_name": "محمدی", "email": "mohammadi@sharif.com", "is_staff": false, "is_active": true, "date_joined": "2024-09-08T13:00:13.273Z", "user_type": "customer", "account_type": "personal", "national_id": "5001111013", "balance": 0, "educational_field": null, "educational_level": null, "department": null, "student_id": null, "address": null, "telephone": null, "postal_code": "1671913311", "company_national_id": null, "company_name": null, "company_economic_number": null, "company_telephone": null, "OTP": null, "is_sharif_student": false, "is_partner": false, "username": "+989541564544", "groups": [], "user_permissions": [], "role": [12], "access_level": [], "linked_users": []}}, {"model": "account.user", "pk": 77, "fields": {"password": "pbkdf2_sha256$600000$KJIoYk1IaLocbl8mO3nE72$HMrzjCOiHbAND8vD9Hye4jltUMi/R5+jJwmi+NAJDjE=", "last_login": "2024-10-29T12:37:10.081Z", "is_superuser": false, "first_name": "سید محمد علی", "last_name": "میرصانع", "email": "sma_mirsane@sharif.edu", "is_staff": false, "is_active": true, "date_joined": "2024-09-10T11:20:00.972Z", "user_type": "customer", "account_type": "personal", "national_id": "0371718848", "balance": 0, "educational_field": null, "educational_level": null, "department": null, "student_id": null, "address": null, "telephone": null, "postal_code": "", "company_national_id": null, "company_name": null, "company_economic_number": null, "company_telephone": null, "OTP": "124686", "is_sharif_student": true, "is_partner": false, "username": "+989109497686", "groups": [], "user_permissions": [], "role": [10, 12], "access_level": [], "linked_users": []}}, {"model": "account.user", "pk": 78, "fields": {"password": "pbkdf2_sha256$600000$Y5zET2oAugj75ANZ3AHbdk$4FOXvbsF82CLMFhn0WcuFgbJms7x4vFdc6KfSQpPo1c=", "last_login": "2024-10-07T12:42:29.850Z", "is_superuser": false, "first_name": "کوثر", "last_name": "کوثری", "email": "kosar@sharif.edu", "is_staff": false, "is_active": true, "date_joined": "2024-09-29T12:17:11.603Z", "user_type": "customer", "account_type": "personal", "national_id": "8481405795", "balance": 0, "educational_field": null, "educational_level": null, "department": 2, "student_id": null, "address": null, "telephone": "02155566888", "postal_code": "", "company_national_id": null, "company_name": null, "company_economic_number": null, "company_telephone": null, "OTP": null, "is_sharif_student": true, "is_partner": false, "username": "+989371836515", "groups": [], "user_permissions": [], "role": [10], "access_level": [], "linked_users": []}}, {"model": "account.user", "pk": 79, "fields": {"password": "pbkdf2_sha256$600000$PwgXp5o4h5b4ho75LF7mqW$fiuHqHPwLM9Lmokli2JEVziK/g71cglRfeni1V3SKGg=", "last_login": "2024-10-29T12:25:25.901Z", "is_superuser": false, "first_name": "سید محمد علی", "last_name": "میرصانع", "email": "ali.mirsane77@sharif.edu", "is_staff": false, "is_active": true, "date_joined": "2024-10-06T07:16:03.832Z", "user_type": "staff", "account_type": "personal", "national_id": "0371718856", "balance": 0, "educational_field": 1, "educational_level": 2, "department": null, "student_id": null, "address": null, "telephone": "02134567890", "postal_code": "", "company_national_id": null, "company_name": null, "company_economic_number": null, "company_telephone": null, "OTP": null, "is_sharif_student": false, "is_partner": false, "username": "+989120387905", "groups": [], "user_permissions": [], "role": [13], "access_level": [], "linked_users": []}}, {"model": "account.user", "pk": 80, "fields": {"password": "pbkdf2_sha256$600000$NBDbY6dSSIidMd5s3cTnRU$silmKa6kwENODCui6321lGtxILxBLzxTiajFED0baIw=", "last_login": "2024-10-06T15:46:02.788Z", "is_superuser": false, "first_name": "اسد", "last_name": "کلانتری", "email": "Kalantarian@sharif.ir", "is_staff": false, "is_active": true, "date_joined": "2024-10-06T15:46:02.158Z", "user_type": "staff", "account_type": "personal", "national_id": "4723686517", "balance": 0, "educational_field": null, "educational_level": null, "department": null, "student_id": null, "address": null, "telephone": "02155555555", "postal_code": "", "company_national_id": null, "company_name": null, "company_economic_number": null, "company_telephone": null, "OTP": null, "is_sharif_student": false, "is_partner": true, "username": "+989033970000", "groups": [], "user_permissions": [], "role": [6, 12], "access_level": [], "linked_users": []}}, {"model": "account.user", "pk": 81, "fields": {"password": "pbkdf2_sha256$600000$QcPPOQPpqq4WMLjUe7llRP$wFAZYjzATuTBLyo/mh8mvfg3QFWSylHEtnBw8xjF3hU=", "last_login": "2024-10-16T08:52:45.174Z", "is_superuser": false, "first_name": "حمید", "last_name": "حمیدی", "email": "hamidi@gmail.com", "is_staff": false, "is_active": true, "date_joined": "2024-10-15T12:34:14.696Z", "user_type": "customer", "account_type": "personal", "national_id": "6893812892", "balance": 0, "educational_field": null, "educational_level": 2, "department": null, "student_id": null, "address": null, "telephone": "02133344556", "postal_code": "", "company_national_id": null, "company_name": null, "company_economic_number": null, "company_telephone": null, "OTP": null, "is_sharif_student": false, "is_partner": false, "username": "+989371836565", "groups": [], "user_permissions": [], "role": [12], "access_level": [], "linked_users": []}}, {"model": "account.user", "pk": 82, "fields": {"password": "pbkdf2_sha256$600000$gQLPwSz9GoWMx3dyoXzxQX$i7D05PGx4TKLTAkZhLz3YqhW0vKIOSoXkC1/vTfp+Ck=", "last_login": null, "is_superuser": false, "first_name": "حسن", "last_name": "حسنی", "email": "hasani@gmail.com", "is_staff": false, "is_active": true, "date_joined": "2024-10-16T06:38:54.164Z", "user_type": "customer", "account_type": "personal", "national_id": "2645530362", "balance": 0, "educational_field": null, "educational_level": 2, "department": null, "student_id": null, "address": null, "telephone": "02155566777", "postal_code": "", "company_national_id": null, "company_name": null, "company_economic_number": null, "company_telephone": null, "OTP": null, "is_sharif_student": false, "is_partner": true, "username": "+989371836566", "groups": [], "user_permissions": [], "role": [11, 12], "access_level": [], "linked_users": []}}, {"model": "account.user", "pk": 83, "fields": {"password": "pbkdf2_sha256$600000$I7xTLgZ8PqQYAzhuf8u7zt$SVNXekkcod2z0XaCFQ7zM8ymXKdouFQRIeWvB8Splvs=", "last_login": null, "is_superuser": false, "first_name": "حسین", "last_name": "حسینی", "email": "test@gmail.com", "is_staff": false, "is_active": true, "date_joined": "2024-10-16T06:42:42.718Z", "user_type": "customer", "account_type": "business", "national_id": "4931763235", "balance": 0, "educational_field": null, "educational_level": null, "department": null, "student_id": null, "address": "تهران", "telephone": null, "postal_code": "1671913311", "company_national_id": "12", "company_name": "تست", "company_economic_number": "123", "company_telephone": "02166554477", "OTP": null, "is_sharif_student": false, "is_partner": true, "username": "+989371836567", "groups": [], "user_permissions": [], "role": [12], "access_level": [], "linked_users": []}}, {"model": "account.user", "pk": 84, "fields": {"password": "pbkdf2_sha256$600000$y5h6GkmoMQNXA3usSJHdRp$ji0/qEBk7uzrqDvsiqe6mKFTqxUWgwlGsh3Tg2af8vY=", "last_login": "2024-10-16T11:14:32.776Z", "is_superuser": false, "first_name": "سعید", "last_name": "سعیدی", "email": "sazman@gmail.com", "is_staff": false, "is_active": true, "date_joined": "2024-10-16T11:04:32.210Z", "user_type": "customer", "account_type": "personal", "national_id": "0101000103", "balance": 0, "educational_field": null, "educational_level": null, "department": null, "student_id": null, "address": null, "telephone": null, "postal_code": "1671913311", "company_national_id": null, "company_name": null, "company_economic_number": null, "company_telephone": null, "OTP": null, "is_sharif_student": false, "is_partner": false, "username": "+989371836500", "groups": [], "user_permissions": [], "role": [12], "access_level": [], "linked_users": []}}, {"model": "account.user", "pk": 85, "fields": {"password": "pbkdf2_sha256$600000$cKX5b8KmO5TD5qxA8m1KEM$zpuLe1Kfv+TEghdDrTBqFwwpBZik5toyKI/tnyHZVac=", "last_login": null, "is_superuser": false, "first_name": "سعید", "last_name": "سعیدی", "email": "sazman@gmail.com", "is_staff": false, "is_active": true, "date_joined": "2024-10-16T11:04:32.765Z", "user_type": "customer", "account_type": "business", "national_id": "co123", "balance": 0, "educational_field": null, "educational_level": null, "department": null, "student_id": null, "address": "تهران", "telephone": null, "postal_code": "1671913311", "company_national_id": "123", "company_name": "سزمن", "company_economic_number": null, "company_telephone": "02165665656", "OTP": null, "is_sharif_student": false, "is_partner": false, "username": "123", "groups": [], "user_permissions": [], "role": [12], "access_level": [], "linked_users": [84]}}, {"model": "account.user", "pk": 86, "fields": {"password": "pbkdf2_sha256$600000$3e1QEY5li26WMo0k92zCHD$qI5PP8AOCyPSIF5UOmVNGe8/xPX5jdunErYd25mgAjg=", "last_login": "2024-11-02T02:54:20.628Z", "is_superuser": false, "first_name": "ادمین", "last_name": "دانشگاه", "email": "test@email.com", "is_staff": false, "is_active": true, "date_joined": "2024-10-30T10:38:56.627Z", "user_type": "staff", "account_type": "personal", "national_id": "0014497166", "balance": 0, "educational_field": null, "educational_level": null, "department": null, "student_id": null, "address": null, "telephone": "02136547890", "postal_code": "", "company_national_id": null, "company_name": null, "company_economic_number": null, "company_telephone": null, "OTP": null, "is_sharif_student": false, "is_partner": false, "username": "+989124707637", "groups": [], "user_permissions": [], "role": [5], "access_level": [], "linked_users": []}}, {"model": "account.user", "pk": 87, "fields": {"password": "pbkdf2_sha256$600000$nJeopb7NubUfkzLiDKFzZY$B4wXql0DLxj5CZNKeAPcF7DayBJFLFyraB9u/Mhh3Ic=", "last_login": "2024-11-12T11:41:26.803Z", "is_superuser": false, "first_name": "فیض", "last_name": "فییضیی", "email": "feyzi@gmail.com", "is_staff": false, "is_active": true, "date_joined": "2024-11-12T11:41:26.207Z", "user_type": "customer", "account_type": "personal", "national_id": "8273725006", "balance": 0, "educational_field": null, "educational_level": null, "department": null, "student_id": null, "address": null, "telephone": null, "postal_code": "", "company_national_id": null, "company_name": null, "company_economic_number": null, "company_telephone": null, "OTP": null, "is_sharif_student": false, "is_partner": false, "username": "+989654354154", "groups": [], "user_permissions": [], "role": [12], "access_level": [], "linked_users": []}}, {"model": "account.user", "pk": 89, "fields": {"password": "pbkdf2_sha256$600000$8DLjH6easR2gt5qaknuOc3$0cWEPFJNCxQ6Yo8UJbSGMka36UrwhumA35BYQ/5hkFY=", "last_login": "2024-11-12T11:54:13.136Z", "is_superuser": false, "first_name": "تستیییی", "last_name": "تت", "email": "test@gmail.com", "is_staff": false, "is_active": true, "date_joined": "2024-11-12T11:52:05.098Z", "user_type": "customer", "account_type": "personal", "national_id": "6207189531", "balance": 0, "educational_field": null, "educational_level": null, "department": null, "student_id": null, "address": null, "telephone": null, "postal_code": "1671913310", "company_national_id": null, "company_name": null, "company_economic_number": null, "company_telephone": null, "OTP": null, "is_sharif_student": false, "is_partner": false, "username": "+989371836590", "groups": [], "user_permissions": [], "role": [12], "access_level": [], "linked_users": []}}, {"model": "account.role", "pk": 4, "fields": {"name": "ادمین", "role_key": "admin", "access_level": [17, 112, 113, 114, 115, 116, 117, 118, 119, 120, 121, 122, 123, 124, 125, 126, 127, 128, 129, 130, 131, 132, 133, 134, 135, 136, 137, 138, 139, 140, 141, 142, 143, 144, 145, 146, 147, 148, 149, 150, 151, 152, 153, 154, 155, 156, 157, 158, 159, 160, 161, 162, 163, 164, 165, 166, 167, 168, 169, 170, 171, 172, 173, 174, 175, 176, 177, 178, 179, 180, 181, 182, 183, 184, 185, 186, 187, 188, 189, 190, 191, 192, 193, 194, 195, 196, 197, 198, 199, 200, 201, 202, 203, 204, 205, 206, 207, 208, 209, 210, 211, 212, 213, 214, 215, 220, 221, 222, 223, 224, 225, 226]}}, {"model": "account.role", "pk": 5, "fields": {"name": "مدیریت", "role_key": "manager", "access_level": [17, 112, 113, 114, 115, 116, 117, 118, 119, 120, 121, 122, 123, 124, 125, 127, 129, 131, 132, 133, 134, 135, 136, 137, 138, 139, 140, 141, 142, 143, 144, 145, 146, 147, 148, 149, 150, 151, 152, 153, 154, 155, 156, 157, 158, 159, 160, 161, 162, 163, 164, 165, 166, 167, 168, 169, 170, 171, 172, 173, 174, 175, 176, 177, 178, 179, 180, 181, 182, 183, 184, 185, 186, 187, 188, 189, 190, 191, 192, 193, 194, 195, 196, 197, 198, 199, 200, 201, 202, 203, 204, 205, 206, 207, 208, 209, 210, 211, 212, 213, 214, 215, 220, 222, 224, 226]}}, {"model": "account.role", "pk": 6, "fields": {"name": "مدیر فنی", "role_key": "technical", "access_level": [112, 134, 136, 139, 141, 143, 145, 148, 150, 152, 153, 155, 157, 159, 160, 162, 164, 166, 167, 169, 171, 173, 174, 176, 178, 180, 181, 182, 183, 184, 185, 186, 187]}}, {"model": "account.role", "pk": 7, "fields": {"name": "اپراتور", "role_key": "operator", "access_level": [112, 134, 136, 141, 148, 155, 162, 169, 176, 178, 183, 185]}}, {"model": "account.role", "pk": 9, "fields": {"name": "پذیرش", "role_key": "reception", "access_level": [112, 134, 136, 140, 147, 154, 161, 168, 174, 175, 177, 178, 180, 182, 203, 204, 205, 206, 210, 211]}}, {"model": "account.role", "pk": 10, "fields": {"name": "استاد", "role_key": "teacher", "access_level": [112, 118, 120, 122, 124, 125, 127, 129, 131, 134, 147, 154, 161, 168, 174, 176, 178, 180, 181, 183, 185, 187, 197, 199, 204, 206, 211, 213, 220, 222, 224]}}, {"model": "account.role", "pk": 11, "fields": {"name": "دانشجو", "role_key": "student", "access_level": [113, 125, 127, 131, 134, 136, 147, 154, 161, 168, 174, 176, 178, 181, 183, 185, 187, 197, 199, 204, 206, 211, 213]}}, {"model": "account.role", "pk": 12, "fields": {"name": "مشتری", "role_key": "customer", "access_level": [134, 136, 140, 147, 154, 161, 168, 174, 176, 178, 181, 183, 185, 187, 197, 199, 204, 206, 211, 213]}}, {"model": "account.role", "pk": 13, "fields": {"name": "مدیرمالی", "role_key": "financial", "access_level": [195, 196, 198, 200, 202, 203, 205, 207, 210]}}, {"model": "account.accesslevel", "pk": 17, "fields": {"name": "Create All User", "access_key": "create_all_user"}}, {"model": "account.accesslevel", "pk": 112, "fields": {"name": "View All User", "access_key": "view_all_user"}}, {"model": "account.accesslevel", "pk": 113, "fields": {"name": "View Owner User", "access_key": "view_owner_user"}}, {"model": "account.accesslevel", "pk": 114, "fields": {"name": "Update All User", "access_key": "update_all_user"}}, {"model": "account.accesslevel", "pk": 115, "fields": {"name": "Update Owner User", "access_key": "update_owner_user"}}, {"model": "account.accesslevel", "pk": 116, "fields": {"name": "Delete All User", "access_key": "delete_all_user"}}, {"model": "account.accesslevel", "pk": 117, "fields": {"name": "Delete Owner User", "access_key": "delete_owner_user"}}, {"model": "account.accesslevel", "pk": 118, "fields": {"name": "Create All GrantTransaction", "access_key": "create_all_granttransaction"}}, {"model": "account.accesslevel", "pk": 119, "fields": {"name": "View All GrantTransaction", "access_key": "view_all_granttransaction"}}, {"model": "account.accesslevel", "pk": 120, "fields": {"name": "View Owner GrantTransaction", "access_key": "view_owner_granttransaction"}}, {"model": "account.accesslevel", "pk": 121, "fields": {"name": "Update All GrantTransaction", "access_key": "update_all_granttransaction"}}, {"model": "account.accesslevel", "pk": 122, "fields": {"name": "Update Owner GrantTransaction", "access_key": "update_owner_granttransaction"}}, {"model": "account.accesslevel", "pk": 123, "fields": {"name": "Delete All GrantTransaction", "access_key": "delete_all_granttransaction"}}, {"model": "account.accesslevel", "pk": 124, "fields": {"name": "Delete Owner GrantTransaction", "access_key": "delete_owner_granttransaction"}}, {"model": "account.accesslevel", "pk": 125, "fields": {"name": "Create All GrantRequest", "access_key": "create_all_grantrequest"}}, {"model": "account.accesslevel", "pk": 126, "fields": {"name": "View All GrantRequest", "access_key": "view_all_grantrequest"}}, {"model": "account.accesslevel", "pk": 127, "fields": {"name": "View Owner GrantRequest", "access_key": "view_owner_grantrequest"}}, {"model": "account.accesslevel", "pk": 128, "fields": {"name": "Update All GrantRequest", "access_key": "update_all_grantrequest"}}, {"model": "account.accesslevel", "pk": 129, "fields": {"name": "Update Owner GrantRequest", "access_key": "update_owner_grantrequest"}}, {"model": "account.accesslevel", "pk": 130, "fields": {"name": "Delete All GrantRequest", "access_key": "delete_all_grantrequest"}}, {"model": "account.accesslevel", "pk": 131, "fields": {"name": "Delete Owner GrantRequest", "access_key": "delete_owner_grantrequest"}}, {"model": "account.accesslevel", "pk": 132, "fields": {"name": "Create All Notification", "access_key": "create_all_notification"}}, {"model": "account.accesslevel", "pk": 133, "fields": {"name": "View All Notification", "access_key": "view_all_notification"}}, {"model": "account.accesslevel", "pk": 134, "fields": {"name": "View Owner Notification", "access_key": "view_owner_notification"}}, {"model": "account.accesslevel", "pk": 135, "fields": {"name": "Update All Notification", "access_key": "update_all_notification"}}, {"model": "account.accesslevel", "pk": 136, "fields": {"name": "Update Owner Notification", "access_key": "update_owner_notification"}}, {"model": "account.accesslevel", "pk": 137, "fields": {"name": "Delete All Notification", "access_key": "delete_all_notification"}}, {"model": "account.accesslevel", "pk": 138, "fields": {"name": "Delete Owner Notification", "access_key": "delete_owner_notification"}}, {"model": "account.accesslevel", "pk": 139, "fields": {"name": "Create All Form", "access_key": "create_all_form"}}, {"model": "account.accesslevel", "pk": 140, "fields": {"name": "View All Form", "access_key": "view_all_form"}}, {"model": "account.accesslevel", "pk": 141, "fields": {"name": "View Owner Form", "access_key": "view_owner_form"}}, {"model": "account.accesslevel", "pk": 142, "fields": {"name": "Update All Form", "access_key": "update_all_form"}}, {"model": "account.accesslevel", "pk": 143, "fields": {"name": "Update Owner Form", "access_key": "update_owner_form"}}, {"model": "account.accesslevel", "pk": 144, "fields": {"name": "Delete All Form", "access_key": "delete_all_form"}}, {"model": "account.accesslevel", "pk": 145, "fields": {"name": "Delete Owner Form", "access_key": "delete_owner_form"}}, {"model": "account.accesslevel", "pk": 146, "fields": {"name": "Create All Laboratory", "access_key": "create_all_laboratory"}}, {"model": "account.accesslevel", "pk": 147, "fields": {"name": "View All Laboratory", "access_key": "view_all_laboratory"}}, {"model": "account.accesslevel", "pk": 148, "fields": {"name": "View Owner Laboratory", "access_key": "view_owner_laboratory"}}, {"model": "account.accesslevel", "pk": 149, "fields": {"name": "Update All Laboratory", "access_key": "update_all_laboratory"}}, {"model": "account.accesslevel", "pk": 150, "fields": {"name": "Update Owner Laboratory", "access_key": "update_owner_laboratory"}}, {"model": "account.accesslevel", "pk": 151, "fields": {"name": "Delete All Laboratory", "access_key": "delete_all_laboratory"}}, {"model": "account.accesslevel", "pk": 152, "fields": {"name": "Delete Owner Laboratory", "access_key": "delete_owner_laboratory"}}, {"model": "account.accesslevel", "pk": 153, "fields": {"name": "Create All Experiment", "access_key": "create_all_experiment"}}, {"model": "account.accesslevel", "pk": 154, "fields": {"name": "View All Experiment", "access_key": "view_all_experiment"}}, {"model": "account.accesslevel", "pk": 155, "fields": {"name": "View Owner Experiment", "access_key": "view_owner_experiment"}}, {"model": "account.accesslevel", "pk": 156, "fields": {"name": "Update All Experiment", "access_key": "update_all_experiment"}}, {"model": "account.accesslevel", "pk": 157, "fields": {"name": "Update Owner Experiment", "access_key": "update_owner_experiment"}}, {"model": "account.accesslevel", "pk": 158, "fields": {"name": "Delete All Experiment", "access_key": "delete_all_experiment"}}, {"model": "account.accesslevel", "pk": 159, "fields": {"name": "Delete Owner Experiment", "access_key": "delete_owner_experiment"}}, {"model": "account.accesslevel", "pk": 160, "fields": {"name": "Create All Device", "access_key": "create_all_device"}}, {"model": "account.accesslevel", "pk": 161, "fields": {"name": "View All Device", "access_key": "view_all_device"}}, {"model": "account.accesslevel", "pk": 162, "fields": {"name": "View Owner Device", "access_key": "view_owner_device"}}, {"model": "account.accesslevel", "pk": 163, "fields": {"name": "Update All Device", "access_key": "update_all_device"}}, {"model": "account.accesslevel", "pk": 164, "fields": {"name": "Update Owner Device", "access_key": "update_owner_device"}}, {"model": "account.accesslevel", "pk": 165, "fields": {"name": "Delete All Device", "access_key": "delete_all_device"}}, {"model": "account.accesslevel", "pk": 166, "fields": {"name": "Delete Owner Device", "access_key": "delete_owner_device"}}, {"model": "account.accesslevel", "pk": 167, "fields": {"name": "Create All Parameter", "access_key": "create_all_parameter"}}, {"model": "account.accesslevel", "pk": 168, "fields": {"name": "View All Parameter", "access_key": "view_all_parameter"}}, {"model": "account.accesslevel", "pk": 169, "fields": {"name": "View Owner Parameter", "access_key": "view_owner_parameter"}}, {"model": "account.accesslevel", "pk": 170, "fields": {"name": "Update All Parameter", "access_key": "update_all_parameter"}}, {"model": "account.accesslevel", "pk": 171, "fields": {"name": "Update Owner Parameter", "access_key": "update_owner_parameter"}}, {"model": "account.accesslevel", "pk": 172, "fields": {"name": "Delete All Parameter", "access_key": "delete_all_parameter"}}, {"model": "account.accesslevel", "pk": 173, "fields": {"name": "Delete Owner Parameter", "access_key": "delete_owner_parameter"}}, {"model": "account.accesslevel", "pk": 174, "fields": {"name": "Create All Request", "access_key": "create_all_request"}}, {"model": "account.accesslevel", "pk": 175, "fields": {"name": "View All Request", "access_key": "view_all_request"}}, {"model": "account.accesslevel", "pk": 176, "fields": {"name": "View Owner Request", "access_key": "view_owner_request"}}, {"model": "account.accesslevel", "pk": 177, "fields": {"name": "Update All Request", "access_key": "update_all_request"}}, {"model": "account.accesslevel", "pk": 178, "fields": {"name": "Update Owner Request", "access_key": "update_owner_request"}}, {"model": "account.accesslevel", "pk": 179, "fields": {"name": "Delete All Request", "access_key": "delete_all_request"}}, {"model": "account.accesslevel", "pk": 180, "fields": {"name": "Delete Owner Request", "access_key": "delete_owner_request"}}, {"model": "account.accesslevel", "pk": 181, "fields": {"name": "Create All FormResponse", "access_key": "create_all_formresponse"}}, {"model": "account.accesslevel", "pk": 182, "fields": {"name": "View All FormResponse", "access_key": "view_all_formresponse"}}, {"model": "account.accesslevel", "pk": 183, "fields": {"name": "View Owner FormResponse", "access_key": "view_owner_formresponse"}}, {"model": "account.accesslevel", "pk": 184, "fields": {"name": "Update All FormResponse", "access_key": "update_all_formresponse"}}, {"model": "account.accesslevel", "pk": 185, "fields": {"name": "Update Owner FormResponse", "access_key": "update_owner_formresponse"}}, {"model": "account.accesslevel", "pk": 186, "fields": {"name": "Delete All FormResponse", "access_key": "delete_all_formresponse"}}, {"model": "account.accesslevel", "pk": 187, "fields": {"name": "Delete Owner FormResponse", "access_key": "delete_owner_formresponse"}}, {"model": "account.accesslevel", "pk": 188, "fields": {"name": "Create All PromotionCode", "access_key": "create_all_promotioncode"}}, {"model": "account.accesslevel", "pk": 189, "fields": {"name": "View All PromotionCode", "access_key": "view_all_promotioncode"}}, {"model": "account.accesslevel", "pk": 190, "fields": {"name": "View Owner PromotionCode", "access_key": "view_owner_promotioncode"}}, {"model": "account.accesslevel", "pk": 191, "fields": {"name": "Update All PromotionCode", "access_key": "update_all_promotioncode"}}, {"model": "account.accesslevel", "pk": 192, "fields": {"name": "Update Owner PromotionCode", "access_key": "update_owner_promotioncode"}}, {"model": "account.accesslevel", "pk": 193, "fields": {"name": "Delete All PromotionCode", "access_key": "delete_all_promotioncode"}}, {"model": "account.accesslevel", "pk": 194, "fields": {"name": "Delete Owner PromotionCode", "access_key": "delete_owner_promotioncode"}}, {"model": "account.accesslevel", "pk": 195, "fields": {"name": "Create All Order", "access_key": "create_all_order"}}, {"model": "account.accesslevel", "pk": 196, "fields": {"name": "View All Order", "access_key": "view_all_order"}}, {"model": "account.accesslevel", "pk": 197, "fields": {"name": "View Owner Order", "access_key": "view_owner_order"}}, {"model": "account.accesslevel", "pk": 198, "fields": {"name": "Update All Order", "access_key": "update_all_order"}}, {"model": "account.accesslevel", "pk": 199, "fields": {"name": "Update Owner Order", "access_key": "update_owner_order"}}, {"model": "account.accesslevel", "pk": 200, "fields": {"name": "Delete All Order", "access_key": "delete_all_order"}}, {"model": "account.accesslevel", "pk": 201, "fields": {"name": "Delete Owner Order", "access_key": "delete_owner_order"}}, {"model": "account.accesslevel", "pk": 202, "fields": {"name": "Create All PaymentRecord", "access_key": "create_all_paymentrecord"}}, {"model": "account.accesslevel", "pk": 203, "fields": {"name": "View All PaymentRecord", "access_key": "view_all_paymentrecord"}}, {"model": "account.accesslevel", "pk": 204, "fields": {"name": "View Owner PaymentRecord", "access_key": "view_owner_paymentrecord"}}, {"model": "account.accesslevel", "pk": 205, "fields": {"name": "Update All PaymentRecord", "access_key": "update_all_paymentrecord"}}, {"model": "account.accesslevel", "pk": 206, "fields": {"name": "Update Owner PaymentRecord", "access_key": "update_owner_paymentrecord"}}, {"model": "account.accesslevel", "pk": 207, "fields": {"name": "Delete All PaymentRecord", "access_key": "delete_all_paymentrecord"}}, {"model": "account.accesslevel", "pk": 208, "fields": {"name": "Delete Owner PaymentRecord", "access_key": "delete_owner_paymentrecord"}}, {"model": "account.accesslevel", "pk": 209, "fields": {"name": "Create All Transaction", "access_key": "create_all_transaction"}}, {"model": "account.accesslevel", "pk": 210, "fields": {"name": "View All Transaction", "access_key": "view_all_transaction"}}, {"model": "account.accesslevel", "pk": 211, "fields": {"name": "View Owner Transaction", "access_key": "view_owner_transaction"}}, {"model": "account.accesslevel", "pk": 212, "fields": {"name": "Update All Transaction", "access_key": "update_all_transaction"}}, {"model": "account.accesslevel", "pk": 213, "fields": {"name": "Update Owner Transaction", "access_key": "update_owner_transaction"}}, {"model": "account.accesslevel", "pk": 214, "fields": {"name": "Delete All Transaction", "access_key": "delete_all_transaction"}}, {"model": "account.accesslevel", "pk": 215, "fields": {"name": "Delete Owner Transaction", "access_key": "delete_owner_transaction"}}, {"model": "account.accesslevel", "pk": 220, "fields": {"name": "Create All GrantRecord", "access_key": "create_all_grantrecord"}}, {"model": "account.accesslevel", "pk": 221, "fields": {"name": "View All GrantRecord", "access_key": "view_all_grantrecord"}}, {"model": "account.accesslevel", "pk": 222, "fields": {"name": "View Owner GrantRecord", "access_key": "view_owner_grantrecord"}}, {"model": "account.accesslevel", "pk": 223, "fields": {"name": "Update All GrantRecord", "access_key": "update_all_grantrecord"}}, {"model": "account.accesslevel", "pk": 224, "fields": {"name": "Update Owner GrantRecord", "access_key": "update_owner_grantrecord"}}, {"model": "account.accesslevel", "pk": 225, "fields": {"name": "Delete All GrantRecord", "access_key": "delete_all_grantrecord"}}, {"model": "account.accesslevel", "pk": 226, "fields": {"name": "Delete Owner GrantRecord", "access_key": "delete_owner_grantrecord"}}, {"model": "account.otpserver", "pk": 1, "fields": {"username": "labs", "password": "123@456", "token_expiration": "2024-11-05T04:05:06.525Z", "token": "eyJhbGciOiJIUzI1NiIsInR5cCI6IkpXVCJ9.eyJMb2dnZWRJZCI6IjEwMTgiLCJMb2dnZWRUeXBlIjoiMCIsInN1YiI6ImF0dWwiLCJqdGkiOiJjYTU4MTljYi0zMWYwLTRjNDktYjcwMC0zYmU5NjM4ZDI5ZjYiLCJuYmYiOjE3MzAxNzQ3MDYsImV4cCI6MTczMDc3OTUwNiwiaWF0IjoxNzMwMTc0NzA2fQ.TDwNwk0piiQ47RONOYkppXSMpljpWTO_-kc7_QToA4I", "base_url": "https://sms.sharif.ir/api"}}, {"model": "lab.department", "pk": 1, "fields": {"name": "فیزیک", "description": ""}}, {"model": "lab.department", "pk": 2, "fields": {"name": "مرکز خدمات آزمایشگاهی (آزمایشگاه مرکزی)", "description": ""}}, {"model": "lab.department", "pk": 3, "fields": {"name": "دانشکده مهندسی مکانیک", "description": ""}}, {"model": "lab.department", "pk": 4, "fields": {"name": "پژوهشکده علوم و فناوری انرژی، آب و محیط زیست", "description": ""}}, {"model": "lab.department", "pk": 5, "fields": {"name": "دانشکده شیمی", "description": ""}}, {"model": "lab.department", "pk": 6, "fields": {"name": "مرکز علوم و فناوری نانو", "description": ""}}, {"model": "lab.labtype", "pk": 2, "fields": {"name": "مقیم", "description": "آزمایشگاه های مقیم در مرکز خدمات آزمایشگاهی دانشگاه صنعتی شریف"}}, {"model": "lab.labtype", "pk": 3, "fields": {"name": "همکار", "description": "آزمایشگاه های همکار با مرکز خدمات آزمایشگاهی"}}, {"model": "lab.labtype", "pk": 4, "fields": {"name": "مستقل", "description": ""}}, {"model": "lab.workflow", "pk": 1, "fields": {"name": "گردش کار اصلی", "description": "", "is_active": true}}, {"model": "lab.workflowstep", "pk": 1, "fields": {"workflow": 1, "name": "در انتظار اپراتور", "description": "", "next_step": 10, "reject_step": 9, "step_color": "paper", "is_first_step": true, "has_next_step": false, "has_reject_step": false, "assigned_to": null, "role_assigned_to": null, "progress": 0, "button": [1, 4, 5, 6]}}, {"model": "lab.workflowstep", "pk": 3, "fields": {"workflow": 1, "name": "در انتظار پرداخت", "description": "", "next_step": 4, "reject_step": 9, "step_color": "primary", "is_first_step": false, "has_next_step": false, "has_reject_step": false, "assigned_to": null, "role_assigned_to": null, "progress": 0, "button": [1, 4, 5]}}, {"model": "lab.workflowstep", "pk": 4, "fields": {"workflow": 1, "name": "در ‌انتظار نمونه", "description": "", "next_step": 6, "reject_step": 9, "step_color": "warning", "is_first_step": false, "has_next_step": false, "has_reject_step": false, "assigned_to": null, "role_assigned_to": null, "progress": 0, "button": [1, 4, 5]}}, {"model": "lab.workflowstep", "pk": 6, "fields": {"workflow": 1, "name": "در حال انجام", "description": "", "next_step": 8, "reject_step": 9, "step_color": "info", "is_first_step": false, "has_next_step": false, "has_reject_step": false, "assigned_to": null, "role_assigned_to": null, "progress": 0, "button": [1, 2, 4, 5]}}, {"model": "lab.workflowstep", "pk": 8, "fields": {"workflow": 1, "name": "تکمیل شده", "description": "", "next_step": null, "reject_step": null, "step_color": "success", "is_first_step": false, "has_next_step": false, "has_reject_step": false, "assigned_to": null, "role_assigned_to": null, "progress": 0, "button": [1, 3]}}, {"model": "lab.workflowstep", "pk": 9, "fields": {"workflow": 1, "name": "رد شده", "description": "", "next_step": null, "reject_step": null, "step_color": "error", "is_first_step": false, "has_next_step": false, "has_reject_step": false, "assigned_to": null, "role_assigned_to": null, "progress": 0, "button": [1]}}, {"model": "lab.workflowstep", "pk": 10, "fields": {"workflow": 1, "name": "در ‌انتظار پذیرش", "description": "", "next_step": 3, "reject_step": 9, "step_color": "secondary", "is_first_step": false, "has_next_step": true, "has_reject_step": true, "assigned_to": null, "role_assigned_to": null, "progress": 0, "button": [1, 4, 5, 6]}}, {"model": "lab.workflowstepbutton", "pk": 1, "fields": {"action_slug": "print_result", "title": "چاپ اطلاعات آزمون", "color": "info"}}, {"model": "lab.workflowstepbutton", "pk": 2, "fields": {"action_slug": "upload_result", "title": "بارگذاری نتیجه", "color": "info"}}, {"model": "lab.workflowstepbutton", "pk": 3, "fields": {"action_slug": "view_result", "title": "مشاهده نتیجه", "color": "primary"}}, {"model": "lab.workflowstepbutton", "pk": 4, "fields": {"action_slug": "next_step", "title": "تایید درخواست", "color": "success"}}, {"model": "lab.workflowstepbutton", "pk": 5, "fields": {"action_slug": "reject_step", "title": "رد درخواست", "color": "error"}}, {"model": "lab.workflowstepbutton", "pk": 6, "fields": {"action_slug": "request_discount", "title": "تخفیف", "color": "info"}}]